id,first_name,last_name,race_number,car_make,average_speed,final_position
1,Janet,Volant,10,Ford,158.105,8
2,Celia,Kislingbury,11,Scion,134.253,16
3,Chrysa,Brunn,17,Lexus,160.823,1
4,Jewelle,Birtley,11,Ford,162.581,23
5,Armando,Blaszczynski,1,MINI,152.86,25
6,Findley,Awcoate,17,Audi,157.339,18
7,Lilith,Telfer,17,Hyundai,130.054,9
8,Chet,Burgin,10,Ford,140.239,14
9,Ailene,Breeder,20,Pontiac,156.537,14
10,Wendye,Dyke,10,Suzuki,128.121,22
11,Terri,Maso,2,Pontiac,153.861,25
12,Whittaker,Overel,2,Nissan,133.324,9
13,Milissent,MacGahy,17,Chevrolet,141.226,15
14,Mora,Tompkinson,6,Dodge,136.133,18
15,Sonnie,Bloodworth,1,Volvo,142.591,13
16,Bryant,Snawden,12,Honda,157.723,9
17,Zolly,Warlowe,14,Chevrolet,149.733,7
18,Gregoor,Leethem,20,Honda,178.641,19
19,Dianemarie,Pahlsson,16,Audi,128.353,12
20,Karoline,Hutsby,18,Chevrolet,149.709,19
21,Esmeralda,Miner,16,Hyundai,153.906,25
22,Danika,Chrisp,1,Nissan,162.407,25
23,Virgil,Chisolm,6,Acura,136.646,5
24,Jeffry,Spurritt,9,GMC,133.515,6
25,Dun,Deniscke,18,Mercedes-Benz,132.163,6
26,Maren,Hancell,20,Chevrolet,146.923,5
27,Wilfred,Mc Queen,9,Nissan,143.338,20
28,Lane,Grandin,12,Porsche,170.019,23
29,Loralie,Smythe,13,Oldsmobile,142.404,9
30,Halsey,Plank,14,Chevrolet,126.17,7
31,Sue,Gosden,8,Volkswagen,162.986,23
32,Odey,McIlwraith,20,Mazda,132.478,19
33,Rafaelia,Waber,3,Lexus,139.753,5
34,Reggi,Heape,10,Lexus,154.351,4
35,Nana,Stelfox,2,Volvo,138.761,10
36,Ermentrude,Gouldstraw,18,Kia,123.99,11
37,Caitrin,Shortt,2,Infiniti,170.031,11
38,Tuesday,Moodie,17,Lamborghini,142.237,19
39,Raimondo,Jeenes,9,Mercedes-Benz,141.298,9
40,Melisent,De Pietri,18,Porsche,171.682,24
41,Heall,Jaray,8,Aston Martin,178.703,18
42,Kienan,Marshland,19,Chevrolet,145.772,5
43,Nappie,London,3,Toyota,132.794,22
44,Abbott,Killner,8,Audi,157.741,22
45,Ky,Aitchison,16,Mercury,123.971,25
46,Sutherlan,Curnok,7,Buick,165.414,4
47,Husein,Forte,6,Lamborghini,151.721,17
48,Rebeca,Halshaw,13,Nissan,135.726,5
49,Marion,Worgan,1,Mazda,138.603,15
50,Devina,Aindriu,11,Suzuki,153.955,14
51,Allie,Lemmon,15,Land Rover,142.134,7
52,Clemmie,Althrope,7,Ford,173.923,2
53,Olivero,Mee,8,Honda,172.144,17
54,Dorice,Alwin,15,Volkswagen,155.778,19
55,Willy,Barfoot,5,Chevrolet,137.534,9
56,Locke,Gatecliffe,19,Honda,140.485,17
57,Patrica,Ratie,16,Lexus,163.431,23
58,Benny,Hill,15,Lexus,169.03,9
59,Luise,Greatham,2,Ford,135.102,25
60,Adham,Skeemor,8,Suzuki,135.0,8
61,Fernando,Chichgar,17,Mercedes-Benz,174.174,19
62,Hubie,Doumerque,20,Ram,127.929,22
63,Taber,McNally,14,BMW,152.38,13
64,Jackson,Cannicott,16,Chrysler,179.89,9
65,Buckie,Jessen,5,Oldsmobile,169.079,9
66,Ed,Powton,2,Ford,132.635,14
67,Lukas,Ewell,10,Chrysler,141.234,5
68,Rhona,Mongan,19,Dodge,128.263,7
69,Letizia,Ciric,10,Kia,133.002,22
70,Jerrie,Van der Spohr,6,Mercury,177.997,20
71,Ansley,Gatling,5,Oldsmobile,129.561,16
72,Darcie,Caldecutt,7,Toyota,162.757,21
73,Marshall,Claye,18,Acura,156.384,9
74,Bjorn,Gambell,17,Infiniti,147.564,21
75,Lenard,Thornally,9,Honda,134.748,20
76,Darsey,Frascone,14,Kia,128.763,23
77,Sharity,Lound,12,GMC,172.77,16
78,Anabal,Whereat,16,Infiniti,128.325,11
79,Peggie,Jura,20,Mitsubishi,169.691,25
80,Vonni,Shannahan,7,Mitsubishi,165.838,15
81,Shepperd,De Santos,12,Dodge,165.369,2
82,Harriott,Batchelar,20,Dodge,158.201,20
83,Stanly,Arnely,10,Acura,137.629,22
84,Carmella,Feldmark,12,Oldsmobile,175.53,14
85,Horatius,Hamlen,13,Jeep,174.002,23
86,Farley,Patriskson,17,Mitsubishi,121.808,15
87,Truda,Gonthier,7,Toyota,127.76,14
88,Ky,Poll,12,Acura,171.199,2
89,Pepillo,De Filippo,1,Chevrolet,141.705,9
90,Merv,De Fries,10,Mercedes-Benz,133.231,6
91,Frederica,Sharpin,8,Geo,142.066,2
92,Kira,Chantrell,9,Pontiac,150.744,15
93,Moira,Roj,2,Volkswagen,172.59,10
94,Torrey,Hudghton,11,Subaru,136.97,24
95,Daven,Kertess,11,Mitsubishi,130.521,6
96,Peggi,Lawday,12,Mazda,127.97,18
97,Theobald,Cashman,9,Dodge,170.093,4
98,Libby,Danev,2,GMC,173.544,19
99,Dulce,Jansie,11,Lexus,158.276,13
100,Correy,Triplet,17,Scion,178.954,16
101,Raynard,Godley,13,Land Rover,139.019,2
102,Xever,Shannahan,6,Buick,177.282,12
103,Fraze,Twiggs,10,Chevrolet,160.972,5
104,Vachel,Herculeson,3,Mazda,145.858,25
105,Bendicty,Jurkowski,1,Mitsubishi,132.335,4
106,Malinde,Abendroth,3,Chrysler,140.258,13
107,Lenka,Mirfin,17,Porsche,129.259,9
108,Danni,Waddams,7,GMC,122.35,23
109,Ansell,Neggrini,17,GMC,137.068,21
110,Kellyann,Windram,16,Ford,153.012,8
111,Cleo,Pimlock,17,Ford,178.342,5
112,Maurie,Josephov,18,Nissan,168.471,1
113,Sim,Findon,16,Audi,123.159,2
114,Thelma,Jerger,8,Ford,162.926,18
115,Else,Sandyford,1,Lincoln,123.061,6
116,Ginevra,Knibbs,11,Subaru,138.412,19
117,Toni,Youd,6,Nissan,133.547,19
118,Jemima,McDyer,20,Mercedes-Benz,158.446,22
119,Lisa,Grahl,19,Pontiac,123.043,7
120,Karlik,Dally,20,Geo,135.394,25
121,Candi,Wankling,11,Buick,124.471,9
122,Tabby,Slowgrove,17,Acura,173.712,10
123,Lesly,Scarlin,15,Volkswagen,157.949,17
124,Margette,Gascoyen,12,McLaren,171.071,8
125,Sheelah,Nutley,15,Suzuki,151.029,23
126,Leupold,Hardway,2,Volkswagen,132.338,25
127,Lyndsay,Cowell,6,Mercedes-Benz,125.835,18
128,Lucina,Smallpeice,3,Ford,135.898,22
129,Robinson,Dillingstone,20,Audi,175.746,3
130,Sam,Tomsa,10,Mitsubishi,165.102,10
131,Guillermo,Rough,14,Mercury,125.091,6
132,Ophelie,Yankov,17,Pontiac,121.783,16
133,Caryl,Kenwrick,20,Ford,159.953,14
134,Clark,Coltart,5,Toyota,177.271,12
135,Chrissy,Retallack,14,Mercury,137.737,6
136,Larissa,Wixon,15,GMC,174.688,3
137,Rey,Darridon,19,Ford,122.044,6
138,Helene,Southworth,9,Mitsubishi,157.836,1
139,Tristam,Hubbert,14,Pontiac,124.382,15
140,Mirella,Cawthry,2,Mitsubishi,167.413,1
141,Isabelle,Chittem,13,Mercury,157.997,1
142,Bryn,Bitten,16,Nissan,168.691,22
143,Danette,Tuminelli,11,GMC,168.003,13
144,Emelda,Barraclough,15,GMC,154.483,7
145,Denna,Edward,12,Ford,139.087,9
146,Obed,Ferrar,12,Mazda,165.709,8
147,Reynard,Reedshaw,1,Mercedes-Benz,137.565,3
148,Clarisse,Chittleburgh,10,Mazda,159.438,16
149,Bird,Garthside,19,Hyundai,165.306,6
150,Drucy,Simchenko,14,Isuzu,168.947,24
151,Lind,Vest,8,Toyota,156.686,20
152,Elset,Denver,15,GMC,125.077,7
153,Edlin,Wyldes,4,Volvo,167.81,19
154,Claretta,Birmingham,13,Infiniti,150.452,15
155,Belita,Blower,8,Volkswagen,128.931,13
156,Barbra,Illing,10,Audi,130.232,9
157,Ange,Weigh,10,Mazda,160.575,8
158,Coriss,Keitley,11,Mercedes-Benz,129.977,15
159,Kyle,Cardenoza,8,Volkswagen,123.767,19
160,Audi,Stebbin,1,Honda,143.983,22
161,Pattie,Shirt,13,Acura,148.952,2
162,Hunt,Gaskell,15,BMW,134.384,22
163,Raquela,Menhci,12,Chevrolet,164.119,5
164,Shara,Smitherman,8,Honda,122.277,12
165,Jessica,Ewbanks,2,GMC,177.008,16
166,Arman,Roglieri,7,Lexus,148.942,12
167,Archambault,Filchagin,20,Nissan,126.927,18
168,Halley,Copnar,18,Chrysler,163.557,24
169,Raddie,Ferney,9,Dodge,170.519,7
170,Gregoire,Wattingham,8,Hyundai,171.003,24
171,Neill,Mulqueeny,19,Ford,137.131,1
172,Lelia,Leivers,4,Ferrari,150.918,20
173,Celene,Gribble,8,Volkswagen,132.818,10
174,Addi,Houndson,20,BMW,157.41,25
175,Marleen,Nolin,11,Mitsubishi,168.674,8
176,Granny,Gyngyll,10,Ford,151.873,17
177,Caddric,Wellwood,19,Cadillac,159.897,17
178,Marin,Whardley,18,Dodge,142.191,15
179,Yorke,Duckers,12,Mercury,147.779,25
180,Sid,Treacher,5,Hyundai,137.182,11
181,Wileen,Matchett,14,Mazda,141.488,2
182,Miles,Shiliton,6,Jeep,134.633,7
183,Foss,Thomesson,20,Kia,122.828,21
184,Therese,Lambourn,3,Mazda,135.947,23
185,Kaila,Lawey,14,Nissan,124.439,16
186,Glenden,Willan,14,Buick,168.464,22
187,Wyn,Keeri,18,Scion,158.418,22
188,Davine,Copyn,17,Cadillac,142.934,15
189,Fanni,Claige,15,Chevrolet,178.093,3
190,Yalonda,Copello,16,Cadillac,147.888,13
191,Konrad,Werny,1,Chrysler,144.354,7
192,Anett,Hollidge,10,Lexus,143.793,19
193,Corbett,Knowlys,2,Ford,152.501,20
194,Christian,Dacke,9,GMC,159.073,15
195,Johnette,Welford,1,Porsche,167.631,21
196,Dari,Toulch,3,Mazda,126.26,19
197,Xymenes,Corney,20,Porsche,171.933,3
198,Fleurette,Ather,10,Nissan,152.368,8
199,Theda,Markos,12,Toyota,179.782,18
200,Oralla,Swarbrick,14,Pontiac,154.053,16
201,Melisenda,Zanre,4,Dodge,135.205,4
202,Abbott,Dwyr,15,Lotus,131.923,2
203,Nadya,Penzer,10,Mitsubishi,132.53,25
204,Reid,Dumingos,3,Lamborghini,176.963,8
205,Sherye,Grisbrook,3,Land Rover,177.894,3
206,Aubine,Jolland,8,Jaguar,176.349,1
207,Walton,Graham,11,Infiniti,155.652,24
208,Aylmar,Siddele,11,Oldsmobile,124.468,11
209,Udall,Tollett,15,Pontiac,138.31,25
210,Daffie,Peplow,1,Dodge,125.278,20
211,Mead,Trulocke,15,Kia,159.594,1
212,Elaina,Mulqueen,14,Jaguar,140.33,1
213,Juline,Matthius,15,Land Rover,130.965,20
214,Enrique,Greenleaf,6,Mercedes-Benz,166.301,21
215,Anatollo,Cockaday,7,Volkswagen,167.403,2
216,Micah,Tarquini,8,Chevrolet,137.67,18
217,Cullie,Dayne,14,Mercedes-Benz,179.342,17
218,Germaine,O'Hanlon,18,Nissan,131.661,5
219,Andromache,Hightown,15,Toyota,148.923,9
220,Hulda,Mehmet,12,Jeep,153.587,14
221,Arleen,Pauwel,16,BMW,137.481,3
222,Florencia,Perigo,9,Infiniti,125.398,22
223,Jocelyne,Venes,11,Oldsmobile,125.577,3
224,Halli,Hanhardt,6,Ford,128.347,13
225,Valeria,Maffini,15,Honda,131.577,18
226,Vivian,Jephcote,15,Honda,150.746,13
227,Clarke,Brashaw,5,Chevrolet,164.95,5
228,Rafe,Doche,18,Lotus,154.201,13
229,Seline,Grout,8,Jaguar,140.655,11
230,Omero,McKelvey,2,Chevrolet,134.261,19
231,Laurice,Ellse,11,Chevrolet,141.898,18
232,Jerad,Guppey,20,BMW,133.462,21
233,Miquela,O'Coskerry,14,BMW,140.341,15
234,Jory,Thynne,1,Studebaker,136.245,12
235,Tomlin,Vye,5,Lexus,125.721,11
236,Nina,Robrow,16,GMC,129.476,20
237,Jasen,Nortunen,14,Saab,123.583,2
238,Ambrosi,Beazley,3,Ford,145.536,12
239,Mirabelle,Selliman,14,Buick,125.804,16
240,Shina,McLenahan,8,Buick,130.513,24
241,Costanza,Burhill,20,GMC,155.188,1
242,Casie,Dearnaley,8,GMC,165.062,11
243,Vinny,Jalland,9,Volkswagen,165.101,8
244,Khalil,Merton,19,Peugeot,149.825,21
245,Julie,Grinvalds,13,Suzuki,158.119,5
246,Bern,Course,9,Pontiac,137.559,5
247,Marne,Sabbins,1,Subaru,157.592,15
248,Nestor,Lampet,13,Porsche,159.398,10
249,Babita,Skelton,9,Toyota,131.702,20
250,Jackelyn,Kaemena,12,Pontiac,151.393,25
251,Rudy,Lamberto,13,Mitsubishi,140.086,24
252,Fransisco,Hurry,6,Nissan,147.731,22
253,Anne-marie,Simeone,20,Ford,141.224,4
254,Caritta,Artz,12,Chevrolet,147.968,9
255,Linnea,Lux,9,Mazda,165.097,16
256,Judi,Wedge,3,Lincoln,138.457,21
257,Luciana,Marrion,3,Lincoln,136.834,2
258,Karia,M'Chirrie,19,Mercedes-Benz,178.147,10
259,Esme,Jailler,10,Mitsubishi,123.115,1
260,Ashby,Krimmer,12,Ford,171.829,3
261,Caria,Borman,13,Subaru,154.534,19
262,Jolyn,Bonfield,11,Mercedes-Benz,148.175,25
263,Barri,Thake,9,Land Rover,123.456,10
264,Regina,Snazle,16,Mercedes-Benz,143.676,18
265,Consolata,Geare,2,GMC,132.032,18
266,Jameson,Deniskevich,5,Nissan,149.39,2
267,Shurwood,Muttock,1,Pontiac,145.924,1
268,Lockwood,McKern,16,Mazda,157.799,13
269,Hugo,Abrehart,14,Dodge,136.805,5
270,Mellisa,Elstob,5,Pontiac,125.835,15
271,Ezequiel,Carrel,3,Nissan,155.652,23
272,Tabina,De Lascy,12,Infiniti,130.466,11
273,Alister,Mirralls,16,Land Rover,176.767,23
274,Gregoire,Maunton,13,Volkswagen,165.019,15
275,Dalton,Elmer,18,Hyundai,145.628,2
276,Merline,Kalinovich,7,Cadillac,120.009,19
277,Cristi,Redd,6,Nissan,122.482,11
278,Ross,Kyd,12,Ford,148.071,5
279,Mendel,Winram,6,Chevrolet,170.267,9
280,Phaedra,Blewmen,20,Acura,144.203,1
281,Constantine,Harness,3,Bentley,158.879,20
282,Babbie,Aguirrezabal,15,Toyota,179.219,20
283,Aurel,Fordyce,19,Saturn,160.504,11
284,Herrick,Ritmeier,14,Dodge,152.852,22
285,Aidan,Castaner,20,Hummer,136.383,20
286,Sherwin,Poff,20,Nissan,130.024,19
287,Perl,Etheridge,19,Dodge,168.629,25
288,Suzanna,Friar,3,Hyundai,121.274,20
289,Branden,Tappor,13,Isuzu,126.99,12
290,Karoly,Tejero,7,Mercury,177.782,12
291,Charis,Jenkinson,9,Dodge,169.216,16
292,Siobhan,Beveredge,6,BMW,147.333,20
293,Dulsea,McGonnell,13,Ford,130.502,10
294,See,Stubbe,10,Volvo,168.485,5
295,Roderic,Wainscot,14,Pontiac,163.302,22
296,Rosamund,Cocksedge,15,Honda,159.687,25
297,Rodrick,Brooksbank,14,Chevrolet,137.75,18
298,Priscella,Neicho,18,Subaru,166.246,21
299,Berky,Theis,20,Pontiac,134.223,15
300,Forbes,Currum,4,Volkswagen,151.019,20
301,Ynes,Sneller,20,Pontiac,149.078,3
302,Neely,Lowthian,15,Chevrolet,130.073,2
303,Philipa,Ox,14,Ford,135.003,2
304,Audry,Playden,13,Cadillac,167.015,9
305,Orrin,Gookey,8,Mercury,149.366,15
306,Erda,Kirkbride,9,Ford,167.083,24
307,Jobey,Moorwood,18,Volkswagen,150.233,13
308,Karlene,Hatcher,13,Isuzu,149.22,13
309,Analiese,MacLese,5,Aston Martin,147.263,13
310,Nowell,Ashford,1,Volkswagen,156.113,11
311,Diego,Kelleher,6,Mazda,136.758,16
312,Gwendolen,Jewel,16,Volkswagen,177.964,21
313,Billi,Onn,12,Mazda,176.236,4
314,Matelda,Dominec,10,Cadillac,178.041,4
315,Marika,Stiff,5,Saab,175.521,19
316,Sherill,Conyard,13,Hyundai,162.277,15
317,Valenka,Galpin,20,Dodge,140.937,15
318,Karlie,Gately,11,Chevrolet,176.347,18
319,Law,Lyfield,12,Maserati,121.659,11
320,Petunia,Pinard,10,Honda,144.55,18
321,Betsey,Hagland,18,Ford,175.315,22
322,Fernanda,Bristo,9,Chevrolet,138.625,15
323,Gannie,Snaith,16,Infiniti,177.235,21
324,Nollie,Dewes,16,Geo,159.509,21
325,Angus,Salomon,17,Aptera,143.714,25
326,Mordy,Siddeley,3,Mercedes-Benz,152.306,14
327,Doralynn,Ferber,9,Porsche,168.134,12
328,Ofella,Plumm,20,Acura,164.838,24
329,Wyatan,Follit,13,Chevrolet,123.899,21
330,Benedikt,Ridpath,5,Toyota,125.79,22
331,Thurstan,Reicharz,12,Honda,154.262,22
332,Norry,McGuinley,12,Lexus,171.782,7
333,Lewie,Sherville,2,Chevrolet,136.459,3
334,Hube,Pevsner,5,Toyota,151.9,3
335,Morgana,Beiderbeck,7,Lexus,141.588,10
336,Care,Duchesne,3,BMW,175.68,10
337,Marley,Ganniclifft,17,Audi,178.179,7
338,Huberto,Clausen-Thue,3,Dodge,134.732,23
339,Aylmar,Keohane,8,Subaru,145.7,12
340,Wilmette,Wasselin,15,Mercury,122.314,7
341,Martie,MacEvilly,2,Volkswagen,160.438,8
342,Shawnee,Wadly,9,Toyota,153.656,19
343,Meridith,Lyvon,6,Jaguar,153.572,21
344,Nerita,Allston,3,Acura,172.022,13
345,Trudy,Antognozzii,6,Buick,142.508,13
346,Tammy,Kos,9,Chevrolet,159.61,4
347,Guy,Couzens,11,BMW,152.334,24
348,Vernice,Venus,6,Ford,152.311,9
349,Nicola,Doncaster,4,Chrysler,172.849,22
350,Fernanda,Haryngton,5,Jaguar,135.547,3
351,Marcel,Grinaugh,10,Chevrolet,124.11,21
352,Hugibert,Baynam,13,Chevrolet,151.67,10
353,Cloris,Woodwind,13,BMW,170.707,10
354,Sol,Trayes,18,Porsche,133.98,24
355,Carissa,MacPherson,15,Ram,158.519,6
356,Miller,Poley,12,Ford,179.263,8
357,Matthus,Wagner,17,Ford,151.288,2
358,Clerkclaude,Bishell,19,Hyundai,146.328,21
359,Ramonda,Measen,13,Suzuki,145.895,6
360,Cathleen,Ozelton,18,Mercedes-Benz,137.889,24
361,Webb,Winton,18,Suzuki,179.146,8
362,Jana,Treece,7,Geo,138.012,18
363,Morganica,Reveland,7,Infiniti,148.087,17
364,Mikkel,Shone,11,Volkswagen,166.007,25
365,Jacquie,Antoney,4,Mitsubishi,150.133,15
366,Cathy,Pogson,8,Lincoln,164.356,7
367,Wilhelmina,Daid,18,Saab,127.92,3
368,Mal,Spinozzi,13,Subaru,134.557,6
369,Jaime,Pridie,16,Nissan,162.963,24
370,Amandie,Banat,20,Mazda,120.955,25
371,Lamond,Jessard,16,Dodge,160.128,5
372,Sarajane,Ellif,14,Toyota,176.249,2
373,Basia,Percy,4,Jaguar,172.649,15
374,Ellyn,Lathaye,8,Chevrolet,168.889,18
375,Lindsy,Carah,8,Honda,124.621,6
376,Che,Deards,17,Volkswagen,133.677,22
377,Orsola,Macconaghy,12,Nissan,163.56,18
378,Alleyn,Cupitt,14,Lexus,162.321,10
379,Allister,Da Costa,9,Toyota,143.376,23
380,Nigel,Foden,2,Toyota,170.832,4
381,Katie,Farndon,2,Dodge,130.92,4
382,Gracie,Ruddock,8,Hyundai,139.934,20
383,Emlyn,Tookill,6,Nissan,141.0,6
384,Adelbert,Lefort,12,Dodge,145.521,9
385,Cointon,Nesbeth,2,Toyota,123.447,14
386,Brett,Inglesant,19,Pontiac,175.076,8
387,Shepperd,Tolomio,8,GMC,123.681,11
388,Rodney,Randerson,2,Subaru,179.27,16
389,Andi,Pendrill,20,Corbin,174.266,17
390,Juline,O' Neligan,17,Pontiac,171.012,3
391,Philipa,Kenyam,13,Isuzu,144.52,9
392,Ivett,Riste,10,Ford,120.81,24
393,Katherine,Mahaffey,18,Toyota,167.338,12
394,Linda,Berthot,19,Honda,125.234,1
395,Haley,O' Molan,19,Isuzu,172.902,24
396,Reggi,Fawthorpe,19,Chevrolet,126.915,21
397,Laureen,Simmins,18,Mitsubishi,130.048,17
398,Cleavland,Filippo,12,Volkswagen,125.16,16
399,Nikki,Altree,17,Subaru,167.014,3
400,Dot,Benard,19,Mazda,177.501,3
401,Simone,Avard,7,Ford,155.733,22
402,Egor,Nobbs,17,BMW,155.933,12
403,Keslie,Phillins,14,Chevrolet,178.338,16
404,Catha,Lilly,2,Subaru,145.727,7
405,Laurette,Kubis,2,Mazda,159.098,21
406,Grissel,Kidby,20,Toyota,173.489,25
407,Don,Fernely,16,Volvo,131.896,17
408,Kareem,Enbury,9,Lincoln,168.005,25
409,Bancroft,Shayes,11,Pontiac,139.156,3
410,Elwood,Fassbindler,7,GMC,131.132,16
411,Chen,Giacomazzo,5,Suzuki,144.545,1
412,Filip,Streater,3,Chevrolet,167.822,17
413,Didi,Freeth,6,Dodge,123.645,10
414,Vernon,Scotti,7,Ford,170.995,19
415,Taylor,Rappaport,16,Mercury,139.993,23
416,Alwyn,Loukes,7,Pontiac,163.515,25
417,Dedie,Stampfer,20,Cadillac,127.332,13
418,Merrill,Ghidoni,14,Chevrolet,131.857,21
419,Florie,Cromwell,1,Volkswagen,139.255,6
420,Mikael,Jacobi,10,Mitsubishi,155.64,20
421,Blithe,Sherwell,10,Toyota,124.711,20
422,Paco,Wyatt,13,Toyota,161.192,24
423,Imelda,MacKerley,19,GMC,129.614,6
424,Padraig,Picton,17,Oldsmobile,127.05,13
425,Debby,Gotobed,10,Cadillac,171.762,24
426,Cecily,Bruckmann,6,Mercury,140.353,14
427,Marna,Bastow,20,Porsche,126.566,13
428,Vidovic,Bransom,19,Saab,128.219,12
429,Vivyan,Baugh,10,Lexus,121.428,1
430,Melany,Richley,19,Audi,158.373,12
431,Guinna,Ruseworth,20,Mitsubishi,179.903,5
432,Maiga,Joncic,8,GMC,159.174,1
433,Ives,Leet,11,Chrysler,141.371,15
434,Keslie,Hollebon,7,Mercedes-Benz,163.607,6
435,Sasha,Jindrak,17,Land Rover,132.523,22
436,Johna,Toynbee,17,Chrysler,149.382,1
437,Stanley,Milhench,17,Chevrolet,139.826,5
438,Bing,Tinsley,5,Volvo,128.607,14
439,Irma,Hussy,17,Maserati,161.223,2
440,Roobbie,Felipe,14,Aston Martin,153.129,7
441,Lucius,Mungham,12,Lexus,140.521,7
442,Rhodia,Winchcomb,17,GMC,171.88,5
443,Scot,Foro,3,Ford,125.479,15
444,Janela,Denty,10,Ford,173.877,25
445,Emory,Traylen,8,Mercedes-Benz,120.641,23
446,Tadeas,Routhorn,17,MINI,129.263,25
447,Eolande,Trehearne,15,Jeep,170.823,20
448,Eadmund,Grayham,9,Dodge,161.864,1
449,Kissie,Tuny,20,Chevrolet,171.44,11
450,Merl,Vittori,5,Mazda,169.033,14
451,Matias,Treneman,7,Ford,156.185,18
452,Carmel,Ashbrook,9,Toyota,142.426,5
453,Jenny,Dirr,12,Jeep,129.975,17
454,Valentin,Buy,7,Buick,156.839,3
455,Slade,Kleinmann,14,Ford,178.993,22
456,Brunhilde,Seer,3,Pontiac,141.897,14
457,Tarah,Nowakowski,19,Geo,127.347,24
458,Thia,Purver,12,Mercury,173.26,4
459,Chloette,Boud,12,Lexus,161.24,7
460,Felicia,Dybell,2,Dodge,120.188,6
461,Cate,Mallya,15,Mercury,122.049,3
462,Aldus,Seares,14,Buick,158.482,25
463,Carly,Phillpot,12,BMW,144.248,14
464,Devy,New,2,Mercedes-Benz,120.314,13
465,Gabrila,Passfield,18,Mitsubishi,161.42,11
466,Federico,Mager,20,Audi,151.12,24
467,Rivy,Nesbit,17,Chevrolet,149.384,14
468,Phelia,Kindleside,15,Chevrolet,141.038,4
469,Boot,Buxton,6,Land Rover,165.099,8
470,Tracey,Dmitrovic,8,Toyota,136.036,15
471,Giulio,Gozard,14,Bentley,133.112,21
472,Graehme,Feragh,16,Saab,143.046,19
473,Monika,Shrubshall,14,Ford,166.057,25
474,Broddie,Benettolo,6,Lexus,141.807,23
475,Oby,McVaugh,3,Toyota,148.582,6
476,Kirsteni,Weinham,13,Plymouth,154.914,25
477,Ysabel,Yellowlees,15,Dodge,166.127,5
478,Berty,Coupland,8,Ford,133.819,3
479,Andeee,Tobin,4,Dodge,142.139,25
480,Sheena,Harverson,2,Honda,154.637,11
481,Kore,MacCoveney,8,Ford,152.41,11
482,Antonie,Bonnette,6,Pontiac,161.695,24
483,Brett,Leitche,7,Lexus,165.695,11
484,Prince,D'Alessio,18,Scion,172.176,25
485,Guglielmo,Gettings,3,Chevrolet,170.642,3
486,Selinda,Pressey,19,Volvo,145.2,17
487,Zach,Rolfs,10,Toyota,124.146,15
488,Kendrick,Picardo,8,Scion,131.078,17
489,Lyell,Matyushonok,13,Cadillac,146.147,15
490,Philipa,McKeaney,8,Mitsubishi,121.391,3
491,Jules,Roby,11,Subaru,144.033,11
492,Brendin,Chaney,15,Audi,172.177,22
493,Aurore,Cornelissen,1,Daewoo,175.379,3
494,Ursula,O'Concannon,11,Dodge,170.961,3
495,Giff,Aingel,17,GMC,123.01,20
496,Hill,Dundredge,7,Mitsubishi,149.198,19
497,Rolland,De Maine,13,Nissan,123.215,6
498,Lauralee,Pattisson,19,Acura,178.938,21
499,Bartholemy,Nancarrow,9,Mazda,167.748,10
500,Ulick,Arthey,17,Toyota,127.652,16
501,Mabel,Bickardike,8,Pontiac,168.97,14
502,Claire,Godwin,6,Ford,134.691,22
503,Kiel,Blemen,12,Isuzu,151.488,14
504,Cymbre,Rivalland,7,Ford,167.929,4
505,Tate,Favela,16,Ford,155.242,7
506,Krishnah,Dobell,18,Audi,160.535,21
507,Olivia,Mutter,19,BMW,176.37,1
508,Sunny,Treffry,17,GMC,148.185,9
509,Marilee,Di Biagi,7,Scion,145.466,15
510,Kaylee,Yglesia,2,Mercury,140.213,25
511,Rik,Waterman,4,Honda,148.946,20
512,Jen,Pinchon,12,Oldsmobile,154.324,16
513,Gary,Skirving,16,Toyota,165.915,12
514,Hunter,Nijssen,18,Oldsmobile,136.732,1
515,Darin,Mustill,8,Mercury,150.761,23
516,Elaina,Eaglesham,4,Ford,153.764,10
517,Madelina,Maylour,14,Fiat,143.268,14
518,Casey,Verillo,14,Toyota,125.94,8
519,Jelene,Sheaber,3,Mitsubishi,165.756,20
520,Ogden,Clere,13,Lotus,156.408,3
521,Dorris,Pauncefoot,18,Chevrolet,125.142,24
522,Jolee,Cross,8,Infiniti,135.641,21
523,Layla,Hanssmann,8,BMW,170.094,9
524,Willette,Justham,12,Isuzu,149.972,21
525,Honor,Ousby,16,Ford,122.284,13
526,Evita,Lundberg,6,Subaru,145.811,20
527,Kasey,Slessor,10,Suzuki,125.687,10
528,Chuck,Healeas,5,Ford,166.95,7
529,Madalena,Saich,13,Pontiac,158.279,25
530,Paulie,Burtwistle,4,Subaru,136.298,20
531,Bordie,Yosselevitch,9,Suzuki,132.607,5
532,Poul,Woolmington,12,Volkswagen,126.516,11
533,Roby,Grassick,3,BMW,175.72,4
534,Benton,Lambricht,7,Pontiac,163.995,5
535,Minna,Gossart,8,Subaru,120.987,17
536,Mallorie,Hayley,13,Chevrolet,133.264,22
537,Clem,Claiden,16,Jaguar,134.679,13
538,Lillis,White,18,Honda,158.165,14
539,Amargo,Woolvin,4,Chevrolet,178.851,9
540,Tristam,Thews,14,Spyker,174.525,2
541,Coleen,Blackman,11,Lexus,146.622,15
542,Garreth,Antyukhin,8,Cadillac,179.94,17
543,Anabel,Bretland,20,Toyota,125.086,18
544,Kellia,Cheesman,18,Buick,149.921,10
545,Paton,Highnam,18,Porsche,178.709,4
546,Marysa,Kear,14,GMC,126.349,12
547,Price,Staddom,11,Volkswagen,130.45,9
548,Casey,Aleksandrikin,14,Chevrolet,162.029,20
549,Kalindi,Carbery,10,Scion,147.039,21
550,Queenie,Wasbey,1,Jeep,138.521,24
551,Willem,Blasdale,20,Oldsmobile,126.778,22
552,Nat,Rubery,12,Buick,142.496,22
553,Klement,Decourt,11,Subaru,154.284,20
554,Lorry,Glencrash,12,Audi,165.016,25
555,Bernadine,Harly,2,Ford,133.48,16
556,Syd,Plover,11,Mercury,172.992,2
557,Leoline,Edmott,12,Nissan,140.715,25
558,Boony,Fishbourn,18,Buick,137.389,6
559,Emili,Goncaves,6,Mitsubishi,151.225,23
560,Moishe,Oosthout de Vree,9,Toyota,135.138,6
561,Benyamin,Cadogan,10,Subaru,146.472,4
562,Verine,Tirrell,4,Volkswagen,124.301,14
563,Hamish,Piggott,4,GMC,154.502,6
564,Neely,Gleasane,18,Ford,171.117,3
565,Ilaire,Northidge,7,Oldsmobile,171.214,5
566,Pen,Caldow,4,Plymouth,176.724,7
567,Oliver,Brachell,19,Nissan,164.249,16
568,Stanislaus,Benzing,7,Oldsmobile,152.305,11
569,Kimbra,Punchard,16,Toyota,142.924,6
570,Marilee,felip,17,Mazda,152.141,9
571,Rich,Southcomb,15,Infiniti,122.022,15
572,Kaine,Cremer,3,Volkswagen,158.569,2
573,Carolyne,Sanford,5,Mitsubishi,131.487,12
574,Lionello,Glencrosche,14,Dodge,177.994,4
575,Petrina,Dunseith,13,Hyundai,158.294,13
576,Mariquilla,Trowell,4,Mazda,123.636,9
577,Ransell,Dacres,14,Ford,147.739,24
578,Marie-jeanne,Bousler,15,Ford,161.901,7
579,Kenna,Rannald,13,Ferrari,156.699,3
580,Don,Garment,9,Audi,148.372,2
581,Cale,Pummery,9,Audi,154.34,17
582,Jereme,McKeurtan,14,BMW,128.165,2
583,Nobe,Lambdean,3,Ford,126.401,4
584,Emmey,Kibbye,7,Mercedes-Benz,173.864,14
585,Zandra,Cheng,1,Dodge,144.018,11
586,Oran,Bunting,17,Audi,150.763,25
587,Heidi,Dragonette,17,Mazda,166.978,11
588,Laurette,Dimmack,9,Pontiac,140.326,24
589,Bryna,Carberry,13,Audi,146.022,11
590,Nikita,Dumbellow,1,Cadillac,143.055,14
591,Jobi,Longmead,17,Ford,145.416,19
592,Cass,Romanski,12,Ford,124.448,9
593,Siward,Vipan,14,Chevrolet,136.323,9
594,Ellwood,Durgan,1,Mercury,123.037,20
595,Guss,Tern,17,Mitsubishi,131.473,13
596,Demetri,Deely,16,Audi,132.854,9
597,Michale,Petrashov,3,GMC,147.737,12
598,Alon,McCambrois,9,Volkswagen,163.458,16
599,Leonie,Mucklo,2,Hyundai,143.426,10
600,Anthony,Wooderson,3,Lincoln,171.328,23
601,Norry,McCamish,19,Chevrolet,123.811,11
602,Sher,Rosten,7,Chevrolet,132.216,9
603,Humfried,Nutting,1,Ford,139.325,9
604,Marco,Polkinhorn,20,GMC,167.434,8
605,Kiley,Wellbank,4,Ford,134.157,19
606,Florian,Petri,10,Chevrolet,164.02,14
607,Caterina,Spragge,15,Maserati,146.548,15
608,Isaac,Redbourn,19,Honda,147.172,12
609,Fanchette,Maryet,6,Audi,170.381,23
610,Kimball,Greeve,13,Plymouth,134.759,8
611,Darbee,Watsam,13,Ford,128.759,2
612,Chevalier,Calow,14,Honda,133.781,2
613,Judy,Dowyer,9,Lincoln,136.354,22
614,Ange,Tremonte,11,Land Rover,171.31,7
615,Lenka,Emmott,2,Nissan,172.298,19
616,Paige,Bedburrow,14,Ford,129.311,10
617,Antonetta,Beek,12,Audi,154.703,23
618,Collette,Jayme,20,Mercury,158.124,6
619,Terrye,Portlock,12,Ford,129.141,4
620,Grete,Benitez,7,Mitsubishi,173.653,22
621,Cornelius,Looker,16,Chevrolet,148.337,16
622,Christy,Scragg,19,Chevrolet,168.989,15
623,Rosette,Laurisch,13,Hummer,172.133,25
624,Theressa,Muat,6,Ford,169.932,24
625,Dulcine,Franses,9,Buick,141.912,21
626,Winnie,Hablot,11,Toyota,150.126,10
627,Ardeen,Breens,4,GMC,130.219,21
628,Shelby,Keefe,16,Saturn,172.01,22
629,Yasmeen,Jurek,16,Geo,154.291,14
630,Corrinne,Bagnall,16,BMW,176.478,25
631,Angel,Works,4,Plymouth,140.906,9
632,Lauren,Cansdale,19,GMC,121.278,9
633,Celine,Winks,10,Hummer,157.257,2
634,Teddie,Lenox,10,BMW,175.933,3
635,Sascha,Strathearn,3,Oldsmobile,161.154,15
636,Ada,Garz,2,Ford,130.293,14
637,Madelena,Dunstall,3,Chevrolet,125.643,22
638,Josephina,Windibank,11,Audi,130.213,22
639,Paule,Gilfillan,15,Isuzu,177.641,4
640,Sharlene,Connow,1,Oldsmobile,169.112,24
641,Ethe,Maydway,20,Mercedes-Benz,128.322,17
642,Kattie,Peaseman,20,Lotus,146.266,14
643,Louie,Davidovits,11,Ford,163.456,21
644,Stacia,Gunston,20,Dodge,155.327,1
645,Patsy,Jiru,14,Buick,159.234,10
646,Elmo,Ironmonger,8,Mazda,148.444,23
647,Dyanne,Trever,14,GMC,178.764,17
648,Cherilynn,Menure,17,Bentley,152.935,12
649,Ethelind,Josilowski,4,Isuzu,150.297,13
650,Frederich,Faber,16,Studebaker,179.472,5
651,Lorna,Eton,15,Chrysler,155.292,24
652,Ileane,Diego,10,GMC,163.641,21
653,Lyn,Tooting,18,GMC,132.891,10
654,Hettie,Chipping,16,Ford,167.934,6
655,Miller,Whyatt,20,Ford,133.35,11
656,Milissent,Lotze,12,Mazda,153.832,13
657,Pier,Ternent,16,Mercedes-Benz,176.876,21
658,Dougie,Martinolli,9,Ford,146.978,5
659,Rowen,Barg,11,Mitsubishi,158.176,16
660,Cullan,Caudwell,13,Ford,145.831,13
661,Edd,Morcomb,8,Pontiac,125.923,22
662,Amabelle,Benmore,12,Lincoln,151.787,17
663,Christos,Arkwright,12,Buick,131.985,7
664,Fedora,Strewther,18,Oldsmobile,131.794,12
665,Aile,Dibbert,15,Spyker,129.64,13
666,Maighdiln,Reading,8,Chevrolet,162.947,22
667,Prentiss,Entreis,13,GMC,124.029,20
668,Chadwick,Corbally,2,Isuzu,131.901,2
669,Dom,Fritschel,7,Lexus,138.014,15
670,Kalinda,Durram,10,Hyundai,124.823,16
671,Emera,Joselin,6,Chevrolet,133.68,16
672,Jeremie,Erskin,17,Chevrolet,146.4,25
673,Tildie,Girogetti,17,Ford,140.632,12
674,Dukey,Florez,8,Pontiac,126.965,11
675,Marlon,Bilsland,2,Chevrolet,169.096,5
676,Nat,Giffon,7,Jeep,132.285,15
677,Truman,Burfitt,18,Hyundai,141.913,9
678,Murvyn,Cicculini,18,Acura,179.291,20
679,Rollin,Stuchbury,14,Ford,136.726,17
680,Ciel,Guiducci,19,Dodge,148.286,11
681,Cherida,Maskrey,2,Pontiac,120.914,17
682,Virgina,Vanin,5,Lincoln,126.165,9
683,Lauraine,Burne,20,Lexus,143.684,18
684,Janette,Seeley,14,Nissan,166.545,1
685,Gerrilee,O'Crigane,11,Ford,178.477,14
686,Octavia,Barta,14,Kia,126.092,1
687,Novelia,Hyndes,2,Cadillac,157.967,9
688,Tarra,Bedding,19,BMW,175.125,18
689,Nicolina,Rochelle,19,Chrysler,121.457,21
690,Sloane,Beament,2,GMC,173.129,2
691,Merill,Chettoe,17,Mitsubishi,163.772,6
692,Eleanor,Cicci,2,Hyundai,176.953,5
693,Wade,Ridett,18,Toyota,135.38,6
694,Isidora,de Zamora,20,BMW,120.481,12
695,Stacy,Kilshall,14,MINI,166.972,23
696,Griffy,Tugman,19,Lexus,153.445,10
697,Tally,Le Floch,14,Nissan,138.527,9
698,Inesita,McClarence,8,Honda,175.698,22
699,Shea,Ranby,17,Dodge,159.658,14
700,Adora,Josofovitz,6,Nissan,145.358,3
701,Rozelle,Shambrook,16,Mercury,132.824,23
702,Dunn,Airdrie,19,Subaru,154.368,24
703,Rhoda,Challes,11,Chevrolet,171.663,23
704,Ulick,Pyford,2,Volvo,170.259,19
705,Phebe,Reubbens,9,Chevrolet,157.764,21
706,Cortney,Dinis,6,Nissan,155.04,13
707,Pernell,Klimsch,5,Acura,171.168,19
708,Truman,Frascone,20,Dodge,151.603,15
709,Reece,Coiley,17,Aston Martin,146.787,6
710,Jere,Loreit,7,Mazda,144.011,3
711,Carol,Lindl,1,Volkswagen,163.031,8
712,Hilde,Bauduccio,4,Ford,172.61,19
713,Gretal,Korfmann,18,Volvo,125.665,24
714,Fiona,Beeby,12,Toyota,163.73,11
715,Marcela,Romain,1,Acura,146.875,4
716,Junette,Plessing,7,Lexus,132.602,16
717,Ricoriki,Swanson,20,Isuzu,135.575,22
718,Archibold,Cordell,1,Pontiac,120.968,2
719,Reagan,Pardey,15,Chrysler,145.147,13
720,Erica,Duddin,20,Geo,142.054,8
721,Em,Coursor,20,Nissan,129.122,4
722,Christen,Seger,19,Kia,125.221,24
723,Frederic,Druitt,2,Ford,151.86,13
724,Ryon,Yashin,9,Kia,125.884,14
725,Jimmie,Roebuck,15,Toyota,170.955,2
726,Ad,Mackneis,18,Chevrolet,147.602,9
727,Merrel,Cassius,5,Lotus,163.626,22
728,Hobie,Hammerson,3,Suzuki,120.121,7
729,Ginny,Stearne,17,Saturn,161.984,12
730,Siward,Freyn,13,Jaguar,124.443,16
731,Rennie,Vautier,10,Saturn,170.118,10
732,Jewelle,Desport,14,Volkswagen,162.838,15
733,Jeth,Humberston,5,Toyota,156.321,18
734,Clarice,Kaines,18,Isuzu,151.98,9
735,Aleen,Vuittet,16,Lexus,123.43,3
736,Janice,Musso,16,Chevrolet,139.046,15
737,Belle,Lambert-Ciorwyn,18,Chevrolet,165.992,21
738,Adora,Kilbourne,9,Jeep,126.432,7
739,Marlene,Syder,17,Dodge,130.838,22
740,Caresa,Colicot,14,Lexus,152.477,23
741,Felice,Pridham,4,Ford,138.06,6
742,Tobie,Holton,16,GMC,165.423,24
743,Joanne,Skipping,2,Oldsmobile,161.275,5
744,Raimund,Currum,5,Toyota,179.014,12
745,Page,Cervantes,9,Scion,177.596,5
746,Lorne,Betteney,10,Dodge,127.662,21
747,Sally,Stoving,17,Acura,159.628,21
748,Astra,Glastonbury,2,BMW,173.181,3
749,Orton,Pinel,12,Chevrolet,128.907,13
750,Karlik,Michelet,12,GMC,178.275,8
751,Red,Eastridge,12,Toyota,173.858,6
752,Dion,Emblem,17,Ford,153.367,8
753,Nikos,Cogan,7,Pontiac,165.398,19
754,Grace,Puncher,13,Mercedes-Benz,141.41,10
755,Archambault,Tinmouth,8,GMC,157.703,4
756,Fina,Collyns,1,Chevrolet,153.171,24
757,Cheslie,Thornton,18,Oldsmobile,177.737,4
758,Hasheem,Hadcroft,19,Isuzu,148.078,18
759,Ardisj,Parbrook,14,Mercedes-Benz,171.941,18
760,Robena,Deakes,2,Chevrolet,124.996,18
761,Constantia,Lodge,9,Toyota,136.829,20
762,Giordano,Cattellion,11,Isuzu,164.818,3
763,Claudianus,Orhrt,5,Jaguar,143.655,2
764,Florrie,Gabb,14,Chevrolet,137.935,7
765,Onfre,Bavridge,9,Buick,173.311,21
766,Clareta,Flancinbaum,12,Oldsmobile,141.261,11
767,Holly,Cadwaladr,11,BMW,140.974,15
768,Muriel,Eadmead,19,Mercury,130.914,17
769,Nelia,L'Archer,17,Buick,174.665,7
770,Rodolphe,Alejandro,10,Mitsubishi,151.835,16
771,Bree,Bramble,11,Suzuki,167.228,4
772,Jarret,Pawlaczyk,1,Chevrolet,174.394,6
773,Mirabel,Rolstone,18,Acura,172.76,16
774,Brien,Sandcroft,8,Suzuki,165.996,17
775,Andras,Bason,5,Nissan,151.492,15
776,Darice,Colles,2,Oldsmobile,154.986,9
777,Gib,O'Lahy,4,Chevrolet,164.65,25
778,Quincy,Retter,7,Dodge,166.778,18
779,Tabbi,Smy,3,Hyundai,135.642,9
780,Philomena,Tomalin,6,BMW,153.283,13
781,Shayna,Choat,5,Mercury,120.001,8
782,Elton,Lindenbaum,10,Subaru,151.803,20
783,Bette,Tunno,19,Isuzu,151.22,6
784,Nye,Clowsley,19,Mazda,124.166,25
785,Scarlet,Biaggioli,16,Chevrolet,176.789,6
786,Elwood,Pray,7,Mitsubishi,131.048,8
787,Ollie,Veneur,11,Kia,161.787,17
788,Papagena,Whaymand,18,GMC,141.268,11
789,Donelle,Candwell,3,Nissan,143.471,21
790,Meghan,MacPhail,1,Buick,160.844,17
791,Lilas,Roscamps,17,Maybach,153.251,16
792,Eugenius,Roseveare,6,Jeep,163.631,23
793,Lauryn,d'Escoffier,7,Dodge,130.857,17
794,Papageno,Attack,7,Chrysler,178.818,11
795,Cheslie,Coveley,4,Chevrolet,163.78,20
796,Susan,Hulke,7,Lexus,175.467,24
797,Charil,Pheby,4,Pontiac,147.324,14
798,Deedee,Mountney,4,Porsche,149.628,25
799,Fanchette,Cummings,2,Hummer,147.662,5
800,Broddie,Willoway,15,Mitsubishi,161.109,10
801,Conrado,Hayhurst,16,Nissan,128.715,20
802,Mohammed,Whapples,2,Ford,171.321,14
803,Letta,Kimbly,11,Suzuki,160.742,16
804,Emlynn,Walder,10,Subaru,172.664,7
805,Lorraine,Van der Merwe,15,Ford,147.713,22
806,Nickola,Bosket,17,Lincoln,168.197,9
807,Cherilyn,Iianon,3,Ferrari,155.014,4
808,Alistair,Brusby,18,Panoz,130.494,8
809,Simone,Dahler,13,Audi,174.23,16
810,Ede,Andryushchenko,1,Ford,141.089,22
811,Carolina,Volante,3,Nissan,175.009,11
812,Taffy,Walworth,4,Dodge,131.592,23
813,Clair,Komorowski,15,BMW,146.819,4
814,Vilhelmina,Darch,9,Audi,177.527,17
815,Britte,Sermin,6,Volkswagen,165.459,5
816,Aurora,Heppenspall,5,Dodge,156.992,6
817,Newton,Spinney,10,Maybach,151.152,1
818,Philip,Eppson,20,Mercedes-Benz,141.626,22
819,Carmelina,Delamar,15,Mercury,172.004,23
820,Zelig,Seeley,4,Mercedes-Benz,151.811,20
821,Dukie,Noades,17,Ford,176.105,8
822,Cathlene,Danelet,7,Hyundai,124.594,23
823,Deeann,Babst,3,Toyota,158.813,2
824,Trumaine,Blackhall,7,Hyundai,152.929,1
825,Angelo,Knellen,17,Buick,142.6,4
826,Gertrud,Hanssmann,1,Subaru,166.563,2
827,Gail,Mynott,11,Dodge,130.682,11
828,Willie,Leibold,8,Mitsubishi,167.728,19
829,Reinhard,Tebbet,6,Mercedes-Benz,120.205,19
830,Forrester,Choudhury,12,Ford,153.413,13
831,Phebe,Cortese,9,Suzuki,164.529,12
832,Tania,Antonijevic,2,Honda,168.287,18
833,Keriann,Guise,10,Volkswagen,134.663,5
834,Hatty,Volk,16,Chevrolet,176.955,1
835,Corey,Vickers,5,Aston Martin,141.922,16
836,Blondelle,Mc Ilory,11,Mercedes-Benz,143.839,6
837,Ted,Speed,4,Chrysler,142.686,1
838,Maddi,Fernan,4,Ford,176.188,23
839,Dale,Weatherhogg,5,Maybach,127.812,11
840,Warren,Yurivtsev,19,Ford,151.363,7
841,Hieronymus,Hoyland,19,Ford,134.517,19
842,Hadleigh,Grouse,19,Mitsubishi,142.662,10
843,Freemon,Deluze,16,Volkswagen,124.451,12
844,Sander,McKevin,10,Mercedes-Benz,164.13,6
845,D'arcy,Medd,18,Acura,135.087,22
846,Carolynn,Siddall,4,Toyota,169.18,14
847,Ginger,Banthorpe,7,Cadillac,161.479,2
848,Rochelle,Cremen,1,Eagle,124.929,15
849,Reeba,Brookbank,6,Jaguar,167.259,22
850,Anna-maria,Wetwood,16,Volkswagen,125.955,16
851,Keane,Francioli,16,Buick,147.107,22
852,Shem,Beven,2,GMC,174.728,1
853,Alis,Fugere,1,Dodge,138.888,25
854,Clovis,Ducham,19,Saab,177.414,9
855,Roslyn,Malham,12,Suzuki,151.625,15
856,Tabina,Milby,15,Mitsubishi,145.543,11
857,Glory,Rudeyeard,14,Dodge,130.157,6
858,Clara,Mitchelson,11,Hyundai,144.243,11
859,Vivian,Marusik,13,Daewoo,172.547,10
860,Jakob,Fairchild,3,GMC,171.116,17
861,Renard,Barenski,12,BMW,166.269,7
862,Roanna,Banck,6,Toyota,158.555,4
863,Gabrielle,O'Kynsillaghe,7,GMC,150.546,13
864,Leo,Tooth,6,Saab,155.544,14
865,Delphine,Devericks,13,Chevrolet,143.019,24
866,Myrtle,Golden of Ireland,14,Hummer,174.291,2
867,Antonius,Weldrick,3,Suzuki,166.842,1
868,Josias,Going,7,Volkswagen,155.182,24
869,Kimbra,Greatrex,16,Buick,154.487,19
870,Rooney,Chapell,20,Ford,158.006,4
871,Nessi,Harewood,17,Lincoln,159.164,24
872,Davon,Seeman,6,Chevrolet,136.882,7
873,Channa,Phipps,12,Mercedes-Benz,134.032,22
874,Silvio,Happer,10,BMW,173.311,5
875,Sibby,Gallie,19,Volvo,120.128,11
876,Chucho,Durn,14,Toyota,169.523,5
877,Mattie,Szach,11,Audi,141.121,7
878,Cordy,Hutchin,4,Ford,138.484,6
879,Mahala,Bathersby,12,BMW,134.413,24
880,Loraine,Enrietto,5,Dodge,168.219,12
881,Tad,Tuckwood,5,Toyota,124.709,12
882,Juliane,McLarens,9,Mitsubishi,146.438,9
883,Hettie,Lygoe,6,Chrysler,155.134,24
884,Nola,Castagnier,7,Infiniti,165.708,10
885,Shelia,Canon,17,Cadillac,159.33,1
886,Merv,Boxe,13,Saturn,123.799,10
887,Pepito,Grenfell,15,Dodge,129.555,8
888,Janella,O'Hartnett,13,Ford,146.068,4
889,Cly,Priestman,2,GMC,123.928,3
890,Berk,Ida,3,Hummer,177.849,25
891,Elianore,Daft,16,Mitsubishi,120.031,23
892,Flemming,Fiske,20,Aston Martin,129.031,16
893,Erin,Brownsett,19,Kia,129.473,4
894,Rosette,Derham,5,Dodge,122.967,9
895,Ki,Wemyss,15,Pontiac,136.764,7
896,Tedd,Laise,9,Audi,163.872,11
897,Mignonne,Renak,20,Toyota,179.198,19
898,Reta,Schwartz,6,Nissan,126.716,7
899,Kalvin,Baalham,3,Mercedes-Benz,141.149,20
900,Diana,Losselyong,11,Toyota,176.96,20
901,Damon,McAllister,4,Volvo,171.392,8
902,Thacher,Bazoge,18,Mitsubishi,178.808,13
903,Guilbert,Meaders,19,Buick,173.008,13
904,Juliet,Santoro,10,Subaru,149.466,11
905,Gibbie,Piwall,13,Pontiac,136.843,17
906,Davide,Jerisch,13,Lincoln,156.42,12
907,Gerry,Kebbell,19,Nissan,166.764,8
908,Maurita,Peschet,5,Kia,168.056,19
909,Pieter,Gabe,20,Aston Martin,123.07,8
910,Minor,Gasken,3,Honda,174.712,15
911,Klarika,Maggs,6,Ford,150.259,14
912,Clareta,Harker,9,Dodge,128.422,15
913,Ruthy,Ingles,14,Panoz,128.6,10
914,Janeen,Coonihan,8,Suzuki,156.385,23
915,Marika,Ilyasov,9,Volkswagen,131.16,22
916,Jeanelle,Goldstone,13,Chevrolet,145.482,12
917,Dory,Ryam,5,Mazda,170.72,18
918,Paulina,Duffitt,17,Volkswagen,146.371,20
919,Aymer,Rowsell,16,Mazda,179.885,15
920,Judi,Grigorian,12,Pontiac,141.651,6
921,Blondell,Tolussi,6,Suzuki,144.244,15
922,Catharine,Skingley,13,Infiniti,170.299,20
923,Rebbecca,Lisamore,13,Chevrolet,133.961,3
924,Nikita,Halliwell,18,BMW,129.293,10
925,Dudley,Southall,18,Lamborghini,130.916,8
926,Grantley,Jenkyn,8,Toyota,175.265,6
927,Elnore,Wadworth,5,Buick,136.45,9
928,Elsbeth,Edds,6,BMW,143.688,1
929,Doretta,Leger,17,Porsche,175.353,25
930,Ellie,Curro,19,Plymouth,142.58,19
931,Antonella,Berni,13,Subaru,177.374,9
932,Raymund,Harhoff,13,Acura,126.737,19
933,Hugh,Rosoni,17,Audi,147.264,24
934,Jessika,Osman,9,Ford,159.783,14
935,Paige,Cleaveland,12,Mercedes-Benz,162.758,24
936,Corbet,Hencke,16,Ford,176.779,15
937,Silvan,Catling,19,Subaru,166.268,14
938,Gannon,Andrea,6,Chevrolet,127.495,13
939,Aaren,Geroldo,8,Chevrolet,147.794,7
940,Win,Cockshutt,8,Kia,135.819,5
941,Roderick,Anders,15,Lamborghini,161.293,11
942,Wake,Beneze,5,Ford,158.417,17
943,Valencia,Floodgate,16,Jaguar,178.643,12
944,Jeane,Jane,15,Acura,138.817,8
945,Sal,Chappel,15,Hyundai,132.96,20
946,Gerek,Born,15,Buick,163.684,13
947,Man,Votier,16,Buick,178.414,17
948,Dorri,Oddy,11,Mazda,162.298,22
949,Debby,Chillingsworth,18,GMC,171.656,25
950,Nolie,Birth,4,Lamborghini,163.812,12
951,Penny,Jaquest,17,Jeep,132.625,15
952,Hughie,Baptista,7,Acura,125.28,9
953,Owen,Richmond,5,GMC,156.841,3
954,Emmery,Shillam,7,GMC,159.948,10
955,Bernardo,Boucher,1,Volkswagen,149.592,16
956,Fielding,Brazelton,16,Mercedes-Benz,127.261,10
957,Anastasia,Boddington,9,Aston Martin,124.953,22
958,Melisenda,Van Saltsberg,4,Honda,122.877,20
959,Stephie,Vogeller,20,Ford,131.123,16
960,Ganny,Persicke,6,Volkswagen,147.459,18
961,Matthew,Baraclough,8,GMC,148.891,4
962,Eloisa,Broadist,14,Mitsubishi,175.925,11
963,Alonso,Nickols,3,Audi,167.461,4
964,Staffard,Glendining,10,Toyota,124.721,22
965,Jedd,Courtier,15,Nissan,153.836,19
966,Steven,Gammell,15,Audi,160.607,9
967,Gusella,Labbati,7,Mercedes-Benz,155.345,4
968,Jesselyn,Caff,3,Austin,179.616,16
969,Darice,Buntin,7,Hyundai,162.142,10
970,Florie,Orum,6,BMW,149.452,1
971,Marita,Blaxter,11,Maserati,164.081,6
972,Kim,Brothers,11,Pontiac,172.916,21
973,Petey,Nelsen,3,Isuzu,123.956,23
974,Pepito,Ollet,9,Lamborghini,125.843,7
975,Sandra,Rubinowitsch,10,Mazda,143.015,21
976,Leigh,Eastes,1,Ford,178.904,3
977,Devina,Abramovicz,11,Chevrolet,134.701,3
978,Shandeigh,Darmody,14,Chrysler,163.785,13
979,Daven,Glandfield,8,Chevrolet,143.449,21
980,Alexis,Ciciotti,9,Porsche,176.509,15
981,Darcey,Iacofo,9,Dodge,164.566,23
982,Luella,Gawne,12,Ford,137.558,25
983,Meagan,Cutchie,11,Suzuki,120.116,15
984,Nicholas,Avory,16,Buick,162.903,17
985,Janelle,Jenney,5,Kia,169.137,14
986,Baron,Norree,11,Chevrolet,164.993,8
987,Les,Speeding,9,Mazda,162.162,7
988,Lani,Bullingham,13,Pontiac,124.656,22
989,Teddy,Mattusov,16,Audi,123.035,23
990,Merell,Powles,6,Chevrolet,136.112,20
991,Martino,Gibbieson,8,Chevrolet,152.171,24
992,Alwyn,Shasnan,18,Chevrolet,132.955,3
993,Joannes,Hek,17,Saturn,136.471,10
994,Rriocard,Chevolleau,7,Porsche,167.076,23
995,Eb,Jerdein,20,Ford,136.471,5
996,Allix,Sooley,6,Mercury,139.441,21
997,Lauretta,Montilla,13,Land Rover,154.582,6
998,Kurt,Minnette,12,Infiniti,130.397,3
999,Rosene,Goulter,6,Toyota,164.452,15
1000,Lori,Blitz,8,Suzuki,168.66,22
